ModelName,FewShotClassifier,Way,Shot,Query,Accuracy,BayesThreshold,Average,Std,AverageOutlier,StdOutlier
./modelsAdv/Resnet12_Omniglot_episodic_0_AdvLoss.pth,PrototypicalNetworksNovelty,5,5,6,0.982,0.840535980560489,0.9457511894167158,0.03713759729999787,0.6049200553555757,0.12416892964833907
./modelsAdv/Resnet12_Omniglot_episodic_1_AdvLoss.pth,PrototypicalNetworksNovelty,5,5,6,0.9833333333333333,0.8533980753319026,0.9496384065838184,0.03420373178943972,0.6311490200586238,0.11973674289625412
./modelsAdv/Resnet12_Omniglot_episodic_2_AdvLoss.pth,PrototypicalNetworksNovelty,5,5,6,0.9853333333333333,0.8431976744230518,0.9470310843119925,0.0365639219728281,0.6062703370564039,0.12452610350679773
./modelsAdv/Resnet12_Omniglot_episodic_3_AdvLoss.pth,PrototypicalNetworksNovelty,5,5,6,0.9833333333333333,0.8430851628437029,0.946400661953425,0.03615910458700258,0.6064805744108507,0.12260932528229057
